Model,Accuracy,ROC_AUC
Logistic Regression,0.6317708333333333,0.5540812100920778
Random Forest,0.6088541666666667,0.5289243352247865
